2026/07/30 10:08:04.666, 53, 210 MHz, 2.01 W, 0 %
2026/07/30 10:08:09.840, 53, 210 MHz, 1.89 W, 0 %
2026/07/30 10:08:15.017, 54, 1890 MHz, 4.56 W, 6 %
2026/07/30 10:08:20.194, 55, 1890 MHz, 10.53 W, 0 %
2026/07/30 10:08:25.352, 55, 375 MHz, 6.43 W, 8 %
2026/07/30 10:08:32.639, 63, 1650 MHz, 41.20 W, 100 %
2026/07/30 10:08:37.867, 62, 1575 MHz, 40.72 W, 100 %
2026/07/30 10:08:43.018, 63, 1695 MHz, 46.22 W, 100 %
2026/07/30 10:08:48.210, 65, 2040 MHz, 56.31 W, 100 %
2026/07/30 10:08:53.412, 67, 2085 MHz, 57.71 W, 100 %
2026/07/30 10:08:58.605, 66, 1740 MHz, 47.32 W, 100 %
2026/07/30 10:09:03.788, 68, 2040 MHz, 57.78 W, 100 %
2026/07/30 10:09:08.901, 68, 1830 MHz, 52.60 W, 100 %
2026/07/30 10:09:14.039, 68, 1845 MHz, 52.55 W, 100 %
2026/07/30 10:09:19.212, 68, 1770 MHz, 39.55 W, 100 %
2026/07/30 10:09:24.396, 70, 1860 MHz, 43.75 W, 100 %
2026/07/30 10:09:29.566, 69, 1755 MHz, 39.46 W, 100 %
2026/07/30 10:09:34.728, 71, 1650 MHz, 39.16 W, 100 %
2026/07/30 10:09:39.901, 71, 1650 MHz, 40.81 W, 100 %
2026/07/30 10:09:45.104, 72, 1845 MHz, 53.90 W, 100 %
2026/07/30 10:09:50.283, 74, 1950 MHz, 60.56 W, 100 %
2026/07/30 10:09:55.443, 73, 1785 MHz, 51.40 W, 100 %
2026/07/30 10:10:00.610, 73, 1770 MHz, 45.83 W, 100 %
2026/07/30 10:10:05.778, 74, 1905 MHz, 50.83 W, 100 %
2026/07/30 10:10:10.952, 74, 1905 MHz, 51.53 W, 100 %
2026/07/30 10:10:16.138, 75, 1860 MHz, 54.27 W, 100 %
2026/07/30 10:10:21.329, 74, 1590 MHz, 47.90 W, 100 %
2026/07/30 10:10:26.477, 75, 1815 MHz, 43.54 W, 100 %
2026/07/30 10:10:31.607, 77, 1650 MHz, 39.45 W, 98 %
2026/07/30 10:10:36.763, 75, 1245 MHz, 43.83 W, 100 %
2026/07/30 10:10:41.938, 78, 1830 MHz, 54.21 W, 100 %
2026/07/30 10:10:47.086, 78, 1890 MHz, 52.63 W, 100 %
2026/07/30 10:10:52.260, 77, 1725 MHz, 52.94 W, 100 %
2026/07/30 10:10:57.423, 77, 1650 MHz, 40.97 W, 100 %
2026/07/30 10:11:02.599, 77, 1800 MHz, 50.73 W, 100 %
2026/07/30 10:11:07.768, 79, 1950 MHz, 54.70 W, 100 %
2026/07/30 10:11:12.930, 79, 1800 MHz, 52.54 W, 100 %
2026/07/30 10:11:18.119, 79, 1860 MHz, 55.86 W, 100 %
2026/07/30 10:11:23.316, 79, 1890 MHz, 49.55 W, 99 %
2026/07/30 10:11:28.476, 78, 1770 MHz, 42.34 W, 100 %
2026/07/30 10:11:33.648, 80, 1500 MHz, 45.51 W, 100 %
2026/07/30 10:11:38.845, 80, 1740 MHz, 50.47 W, 100 %
2026/07/30 10:11:44.035, 78, 1530 MHz, 44.65 W, 100 %
2026/07/30 10:11:49.188, 79, 1575 MHz, 40.21 W, 100 %
2026/07/30 10:11:54.350, 80, 1590 MHz, 40.06 W, 100 %
2026/07/30 10:11:59.499, 81, 1665 MHz, 39.84 W, 100 %
2026/07/30 10:12:04.700, 81, 1620 MHz, 39.83 W, 100 %
2026/07/30 10:12:09.874, 82, 1290 MHz, 39.58 W, 100 %
2026/07/30 10:12:15.039, 82, 1530 MHz, 40.12 W, 100 %
2026/07/30 10:12:20.206, 84, 1320 MHz, 39.86 W, 100 %
2026/07/30 10:12:25.378, 85, 1290 MHz, 39.95 W, 100 %
2026/07/30 10:12:30.544, 83, 1530 MHz, 39.75 W, 100 %
2026/07/30 10:12:35.735, 84, 1575 MHz, 39.87 W, 100 %
2026/07/30 10:12:40.923, 84, 1575 MHz, 39.83 W, 100 %
2026/07/30 10:12:46.123, 84, 1545 MHz, 40.28 W, 100 %
2026/07/30 10:12:51.373, 84, 1605 MHz, 41.46 W, 100 %
2026/07/30 10:12:56.734, 87, 1500 MHz, 46.77 W, 100 %
2026/07/30 10:13:02.013, 85, 1695 MHz, 42.39 W, 100 %
2026/07/30 10:13:07.330, 85, 1230 MHz, 47.97 W, 100 %
2026/07/30 10:13:12.673, 85, 2205 MHz, 25.67 W, 51 %
2026/07/30 10:13:18.018, 87, 1560 MHz, 49.97 W, 98 %
2026/07/30 10:13:23.343, 87, 2235 MHz, 53.39 W, 70 %
2026/07/30 10:13:28.667, 86, 1725 MHz, 50.00 W, 100 %
2026/07/30 10:13:34.068, 86, 1380 MHz, 48.48 W, 100 %
2026/07/30 10:13:39.805, 86, 2580 MHz, 41.70 W, 28 %
2026/07/30 10:13:45.402, 86, 2490 MHz, 45.98 W, 33 %
2026/07/30 10:13:50.915, 87, 2580 MHz, 46.21 W, 43 %
2026/07/30 10:13:56.539, 87, 2580 MHz, 44.88 W, 20 %
2026/07/30 10:14:01.992, 88, 1800 MHz, 49.34 W, 67 %
2026/07/30 10:14:07.362, 86, 1680 MHz, 51.18 W, 99 %
2026/07/30 10:14:12.672, 87, 1905 MHz, 55.38 W, 91 %
2026/07/30 10:14:18.488, 85, 2325 MHz, 45.10 W, 31 %
2026/07/30 10:14:23.933, 86, 1890 MHz, 45.90 W, 65 %
2026/07/30 10:14:29.395, 86, 1545 MHz, 49.74 W, 100 %
2026/07/30 10:14:35.248, 87, 2025 MHz, 49.60 W, 80 %
2026/07/30 10:14:40.693, 90, 2520 MHz, 41.93 W, 32 %
2026/07/30 10:14:46.129, 85, 2055 MHz, 48.75 W, 81 %
2026/07/30 10:14:51.667, 88, 1980 MHz, 43.85 W, 54 %
2026/07/30 10:14:57.255, 87, 2535 MHz, 47.33 W, 28 %
2026/07/30 10:15:02.860, 87, 1650 MHz, 55.32 W, 99 %
2026/07/30 10:15:08.343, 86, 2370 MHz, 41.85 W, 53 %
2026/07/30 10:15:14.002, 88, 2115 MHz, 40.00 W, 27 %
2026/07/30 10:15:19.606, 86, 2400 MHz, 41.72 W, 29 %
2026/07/30 10:15:25.188, 85, 2160 MHz, 43.50 W, 76 %
2026/07/30 10:15:30.658, 86, 1545 MHz, 39.85 W, 53 %
2026/07/30 10:15:36.285, 87, 2115 MHz, 45.91 W, 42 %
2026/07/30 10:15:41.748, 86, 2055 MHz, 39.75 W, 75 %
2026/07/30 10:15:47.629, 87, 2445 MHz, 76.90 W, 34 %
2026/07/30 10:15:53.168, 88, 2085 MHz, 44.49 W, 69 %
2026/07/30 10:15:58.932, 87, 2535 MHz, 40.85 W, 37 %
2026/07/30 10:16:04.801, 92, 1830 MHz, 47.54 W, 51 %
2026/07/30 10:16:10.305, 87, 1545 MHz, 45.63 W, 78 %
2026/07/30 10:16:15.656, 86, 2280 MHz, 36.64 W, 28 %
2026/07/30 10:16:21.148, 87, 2025 MHz, 36.95 W, 33 %
2026/07/30 10:16:26.845, 87, 2445 MHz, 38.01 W, 18 %
2026/07/30 10:16:32.562, 86, 2490 MHz, 38.17 W, 22 %
2026/07/30 10:16:38.182, 87, 2580 MHz, 48.91 W, 31 %
2026/07/30 10:16:43.861, 86, 2205 MHz, 35.17 W, 42 %
2026/07/30 10:16:49.578, 86, 2355 MHz, 44.76 W, 43 %
2026/07/30 10:16:55.257, 86, 2385 MHz, 37.03 W, 18 %
2026/07/30 10:17:01.005, 88, 2250 MHz, 42.12 W, 33 %
2026/07/30 10:17:06.549, 86, 2580 MHz, 44.37 W, 24 %
2026/07/30 10:17:12.301, 87, 1830 MHz, 53.21 W, 98 %
2026/07/30 10:17:17.615, 87, 1860 MHz, 55.30 W, 100 %
2026/07/30 10:17:22.882, 86, 1845 MHz, 52.92 W, 100 %
2026/07/30 10:17:28.098, 86, 2010 MHz, 54.12 W, 100 %
2026/07/30 10:17:33.517, 85, 1875 MHz, 52.46 W, 100 %
2026/07/30 10:17:38.835, 85, 1860 MHz, 54.88 W, 100 %
2026/07/30 10:17:44.049, 87, 2295 MHz, 58.61 W, 100 %
2026/07/30 10:17:49.227, 87, 2145 MHz, 61.19 W, 100 %
2026/07/30 10:17:54.415, 87, 1560 MHz, 56.76 W, 100 %
2026/07/30 10:17:59.615, 86, 1950 MHz, 59.01 W, 100 %
2026/07/30 10:18:04.823, 87, 1605 MHz, 59.85 W, 100 %
2026/07/30 10:18:10.061, 86, 1560 MHz, 51.46 W, 100 %
2026/07/30 10:18:15.257, 86, 1845 MHz, 59.89 W, 100 %
2026/07/30 10:18:20.431, 87, 1995 MHz, 60.83 W, 100 %
2026/07/30 10:18:25.638, 86, 1860 MHz, 61.37 W, 100 %
2026/07/30 10:18:30.821, 87, 1680 MHz, 60.62 W, 100 %
2026/07/30 10:18:35.996, 88, 1545 MHz, 59.30 W, 100 %
2026/07/30 10:18:41.165, 87, 2040 MHz, 60.55 W, 100 %
2026/07/30 10:18:46.345, 85, 1830 MHz, 50.94 W, 100 %
2026/07/30 10:18:51.522, 85, 1800 MHz, 59.71 W, 100 %
2026/07/30 10:18:56.695, 85, 1545 MHz, 45.69 W, 100 %
2026/07/30 10:19:01.886, 86, 2070 MHz, 60.41 W, 100 %
2026/07/30 10:19:07.076, 86, 2025 MHz, 60.77 W, 100 %
2026/07/30 10:19:12.259, 86, 2130 MHz, 57.68 W, 100 %
2026/07/30 10:19:17.464, 87, 1725 MHz, 64.84 W, 100 %
2026/07/30 10:19:22.712, 86, 1980 MHz, 54.78 W, 100 %
2026/07/30 10:19:27.887, 87, 2025 MHz, 52.80 W, 100 %
2026/07/30 10:19:33.092, 88, 2175 MHz, 62.65 W, 100 %
2026/07/30 10:19:38.287, 86, 2040 MHz, 56.79 W, 100 %
2026/07/30 10:19:43.489, 89, 2010 MHz, 63.61 W, 100 %
2026/07/30 10:19:48.657, 86, 1935 MHz, 58.85 W, 100 %
2026/07/30 10:19:53.914, 87, 1980 MHz, 58.88 W, 100 %
2026/07/30 10:19:59.124, 88, 2175 MHz, 60.20 W, 100 %
2026/07/30 10:20:04.346, 86, 1740 MHz, 60.68 W, 100 %
2026/07/30 10:20:09.554, 86, 1725 MHz, 54.43 W, 100 %
2026/07/30 10:20:14.788, 87, 2010 MHz, 59.50 W, 100 %
2026/07/30 10:20:20.000, 86, 2205 MHz, 61.38 W, 100 %
2026/07/30 10:20:25.205, 86, 1890 MHz, 63.46 W, 100 %
2026/07/30 10:20:30.426, 86, 1770 MHz, 57.56 W, 100 %
2026/07/30 10:20:35.624, 85, 1815 MHz, 62.20 W, 100 %
2026/07/30 10:20:40.841, 87, 1980 MHz, 61.44 W, 100 %
2026/07/30 10:20:46.021, 87, 1560 MHz, 70.37 W, 100 %
2026/07/30 10:20:51.180, 88, 2235 MHz, 60.88 W, 100 %
2026/07/30 10:20:56.440, 89, 1605 MHz, 59.45 W, 100 %
2026/07/30 10:21:01.620, 87, 1980 MHz, 60.91 W, 100 %
2026/07/30 10:21:06.833, 88, 2385 MHz, 63.23 W, 100 %
2026/07/30 10:21:12.044, 85, 1545 MHz, 55.99 W, 100 %
2026/07/30 10:21:17.237, 87, 2070 MHz, 60.22 W, 100 %
2026/07/30 10:21:22.436, 87, 1980 MHz, 60.45 W, 100 %
2026/07/30 10:21:27.633, 85, 1815 MHz, 53.84 W, 100 %
2026/07/30 10:21:32.812, 87, 1830 MHz, 60.98 W, 100 %
2026/07/30 10:21:38.009, 87, 1545 MHz, 60.16 W, 100 %
2026/07/30 10:21:43.211, 85, 1545 MHz, 58.78 W, 100 %
2026/07/30 10:21:48.424, 86, 2025 MHz, 58.37 W, 100 %
2026/07/30 10:21:53.623, 85, 1860 MHz, 61.15 W, 100 %
2026/07/30 10:21:58.823, 86, 1935 MHz, 58.94 W, 100 %
2026/07/30 10:22:04.030, 86, 1920 MHz, 59.61 W, 100 %
2026/07/30 10:22:09.199, 87, 2145 MHz, 54.62 W, 100 %
2026/07/30 10:22:14.402, 85, 1560 MHz, 57.95 W, 100 %
2026/07/30 10:22:19.606, 86, 1995 MHz, 59.52 W, 100 %
2026/07/30 10:22:24.818, 87, 2070 MHz, 57.94 W, 100 %
2026/07/30 10:22:30.045, 86, 1965 MHz, 59.19 W, 100 %
2026/07/30 10:22:35.244, 86, 1905 MHz, 59.02 W, 100 %
2026/07/30 10:22:40.446, 90, 1845 MHz, 59.37 W, 100 %
2026/07/30 10:22:45.635, 87, 1545 MHz, 62.56 W, 100 %
2026/07/30 10:22:50.805, 86, 1995 MHz, 60.32 W, 100 %
2026/07/30 10:22:55.981, 87, 1995 MHz, 65.08 W, 100 %
2026/07/30 10:23:01.155, 87, 2070 MHz, 92.29 W, 100 %
2026/07/30 10:23:06.332, 87, 2130 MHz, 63.74 W, 100 %
2026/07/30 10:23:11.464, 86, 2190 MHz, 64.05 W, 100 %
2026/07/30 10:23:16.622, 87, 2115 MHz, 64.43 W, 100 %
2026/07/30 10:23:21.744, 88, 2040 MHz, 66.60 W, 100 %
2026/07/30 10:23:26.871, 86, 2055 MHz, 66.60 W, 100 %
2026/07/30 10:23:31.985, 87, 2340 MHz, 68.85 W, 100 %
2026/07/30 10:23:37.106, 85, 1755 MHz, 67.67 W, 100 %
2026/07/30 10:23:42.232, 87, 2190 MHz, 67.87 W, 100 %
2026/07/30 10:23:47.332, 87, 2205 MHz, 69.56 W, 100 %
2026/07/30 10:23:52.442, 86, 1935 MHz, 66.62 W, 100 %
2026/07/30 10:23:57.582, 88, 2205 MHz, 72.73 W, 100 %
2026/07/30 10:24:02.742, 87, 2310 MHz, 73.83 W, 100 %
2026/07/30 10:24:07.859, 86, 2190 MHz, 67.66 W, 100 %
2026/07/30 10:24:12.962, 85, 2025 MHz, 71.71 W, 100 %
2026/07/30 10:24:18.073, 85, 2040 MHz, 69.24 W, 100 %
2026/07/30 10:24:23.163, 86, 2190 MHz, 72.31 W, 100 %
2026/07/30 10:24:28.272, 86, 2310 MHz, 71.96 W, 100 %
2026/07/30 10:24:33.383, 88, 2025 MHz, 72.68 W, 100 %
2026/07/30 10:24:38.496, 86, 2175 MHz, 73.51 W, 100 %
2026/07/30 10:24:43.603, 85, 1890 MHz, 73.22 W, 100 %
2026/07/30 10:24:48.703, 87, 1920 MHz, 76.83 W, 100 %
2026/07/30 10:24:53.823, 87, 2415 MHz, 75.00 W, 100 %
2026/07/30 10:24:58.951, 85, 2205 MHz, 74.52 W, 100 %
2026/07/30 10:25:04.073, 85, 2565 MHz, 65.95 W, 100 %
2026/07/30 10:25:09.173, 85, 2205 MHz, 71.73 W, 100 %
2026/07/30 10:25:14.284, 85, 2190 MHz, 70.27 W, 100 %
2026/07/30 10:25:19.421, 86, 2340 MHz, 75.66 W, 100 %
2026/07/30 10:25:24.541, 90, 1935 MHz, 73.48 W, 100 %
2026/07/30 10:25:29.638, 89, 2370 MHz, 76.63 W, 100 %
2026/07/30 10:25:34.753, 87, 2325 MHz, 76.27 W, 100 %
2026/07/30 21:33:13.932, 30, 2580 MHz, 13.70 W, 48 %
2026/07/30 21:33:17.898, 33, 1890 MHz, 10.21 W, 0 %
2026/07/30 21:33:23.087, 35, 1890 MHz, 10.25 W, 0 %
2026/07/30 21:33:28.185, 37, 210 MHz, 2.00 W, 0 %
2026/07/30 21:33:33.280, 40, 1890 MHz, 8.78 W, 0 %
2026/07/30 21:33:38.368, 41, 210 MHz, 2.18 W, 0 %
2026/07/30 21:33:43.466, 41, 210 MHz, 2.05 W, 0 %
2026/07/30 21:33:48.548, 43, 210 MHz, 2.12 W, 0 %
2026/07/30 21:33:53.640, 44, 210 MHz, 2.05 W, 0 %
2026/07/30 21:33:58.736, 44, 210 MHz, 2.09 W, 0 %
2026/07/30 21:34:03.860, 45, 210 MHz, 2.09 W, 0 %
2026/07/30 21:34:08.957, 45, 210 MHz, 2.17 W, 0 %
2026/07/30 21:34:14.071, 44, 210 MHz, 2.20 W, 0 %
2026/07/30 21:34:19.167, 44, 210 MHz, 2.00 W, 0 %
2026/07/30 21:34:24.280, 43, 210 MHz, 2.14 W, 0 %
2026/07/30 21:34:29.369, 43, 210 MHz, 1.99 W, 0 %
2026/07/30 21:34:34.463, 42, 210 MHz, 2.46 W, 0 %
2026/07/30 21:34:39.580, 42, 210 MHz, 1.95 W, 0 %
2026/07/30 21:34:44.725, 42, 210 MHz, 2.46 W, 0 %
2026/07/30 21:34:49.844, 44, 1890 MHz, 10.55 W, 0 %
2026/07/30 21:34:54.953, 56, 2610 MHz, 82.01 W, 100 %
2026/07/30 21:35:00.068, 60, 2595 MHz, 83.82 W, 100 %
2026/07/30 21:35:05.173, 62, 2595 MHz, 83.62 W, 100 %
2026/07/30 21:35:10.287, 65, 2595 MHz, 84.60 W, 100 %
2026/07/30 21:35:15.399, 68, 2595 MHz, 85.44 W, 100 %
2026/07/30 21:35:20.550, 70, 2595 MHz, 86.46 W, 100 %
2026/07/30 21:35:25.692, 71, 2595 MHz, 86.36 W, 100 %
2026/07/30 21:35:30.845, 72, 2595 MHz, 86.88 W, 100 %
2026/07/30 21:35:35.972, 71, 2580 MHz, 86.82 W, 100 %
2026/07/30 21:35:41.102, 71, 2580 MHz, 86.07 W, 100 %
2026/07/30 21:35:46.308, 71, 2580 MHz, 86.11 W, 100 %
2026/07/30 21:35:51.538, 71, 2595 MHz, 87.08 W, 100 %
2026/07/30 21:35:56.675, 72, 2580 MHz, 86.97 W, 100 %
2026/07/30 21:36:01.840, 72, 2580 MHz, 86.85 W, 100 %
2026/07/30 21:36:06.981, 75, 2580 MHz, 86.70 W, 100 %
2026/07/30 21:36:12.118, 72, 2505 MHz, 86.46 W, 100 %
2026/07/30 21:36:17.250, 73, 2580 MHz, 87.35 W, 100 %
2026/07/30 21:36:22.391, 72, 2580 MHz, 85.64 W, 100 %
2026/07/30 21:36:27.523, 73, 2580 MHz, 87.39 W, 100 %
2026/07/30 21:36:32.636, 73, 2580 MHz, 86.68 W, 100 %
2026/07/30 21:36:37.753, 73, 2580 MHz, 87.24 W, 100 %
2026/07/30 21:36:42.894, 73, 2565 MHz, 87.45 W, 100 %
2026/07/30 21:36:48.009, 73, 2580 MHz, 86.72 W, 100 %
2026/07/30 21:36:53.172, 73, 2550 MHz, 87.40 W, 100 %
2026/07/30 21:36:58.302, 72, 2580 MHz, 86.11 W, 100 %
2026/07/30 21:37:03.417, 76, 2580 MHz, 87.68 W, 100 %
2026/07/30 21:37:08.553, 72, 2580 MHz, 86.55 W, 100 %
2026/07/30 21:37:13.703, 73, 2580 MHz, 87.51 W, 100 %
2026/07/30 21:37:18.862, 73, 2580 MHz, 87.51 W, 100 %
2026/07/30 21:37:23.974, 74, 2580 MHz, 88.29 W, 100 %
2026/07/30 21:37:29.105, 74, 2490 MHz, 86.35 W, 100 %
2026/07/30 21:37:34.231, 79, 2415 MHz, 86.64 W, 100 %
2026/07/30 21:37:39.372, 74, 2580 MHz, 87.54 W, 100 %
2026/07/30 21:37:44.510, 74, 2580 MHz, 87.53 W, 100 %
2026/07/30 21:37:49.653, 75, 2580 MHz, 88.06 W, 100 %
2026/07/30 21:37:54.792, 74, 2580 MHz, 87.05 W, 100 %
2026/07/30 21:37:59.923, 74, 2580 MHz, 87.11 W, 100 %
2026/07/30 21:38:05.050, 77, 2580 MHz, 87.21 W, 100 %
2026/07/30 21:38:10.199, 77, 2580 MHz, 88.26 W, 100 %
2026/07/30 21:38:15.351, 75, 2580 MHz, 87.46 W, 100 %
2026/07/30 21:38:20.489, 74, 2580 MHz, 87.39 W, 100 %
2026/07/30 21:38:25.654, 75, 2580 MHz, 88.18 W, 100 %
2026/07/30 21:38:30.822, 75, 2580 MHz, 87.11 W, 100 %
2026/07/30 21:38:35.940, 74, 2580 MHz, 88.66 W, 100 %
2026/07/30 21:38:41.064, 78, 2580 MHz, 86.53 W, 100 %
2026/07/30 21:38:46.203, 74, 2580 MHz, 86.37 W, 100 %
2026/07/30 21:38:51.332, 73, 2580 MHz, 86.93 W, 100 %
2026/07/30 21:38:56.452, 72, 2580 MHz, 85.78 W, 100 %
2026/07/30 21:39:01.557, 73, 2580 MHz, 87.04 W, 100 %
2026/07/30 21:39:06.662, 73, 2580 MHz, 96.35 W, 100 %
2026/07/30 21:39:11.763, 73, 2580 MHz, 96.27 W, 100 %
2026/07/30 21:39:16.908, 73, 2580 MHz, 84.10 W, 100 %
2026/07/30 21:39:22.041, 72, 2580 MHz, 86.66 W, 100 %
2026/07/30 21:39:27.157, 73, 2580 MHz, 86.74 W, 100 %
2026/07/30 21:39:32.293, 75, 2580 MHz, 88.60 W, 100 %
2026/07/30 21:39:37.465, 76, 2580 MHz, 88.17 W, 100 %
2026/07/30 21:39:42.591, 76, 2580 MHz, 87.63 W, 100 %
2026/07/30 21:39:47.738, 78, 2580 MHz, 88.80 W, 100 %
2026/07/30 21:39:52.886, 77, 2370 MHz, 87.87 W, 100 %
2026/07/30 21:39:58.037, 77, 2580 MHz, 87.89 W, 100 %
2026/07/30 21:40:03.158, 77, 2580 MHz, 88.66 W, 100 %
2026/07/30 21:40:08.298, 78, 2580 MHz, 88.71 W, 100 %
2026/07/30 21:40:13.427, 77, 2580 MHz, 88.36 W, 100 %
2026/07/30 21:40:18.603, 78, 2580 MHz, 89.67 W, 100 %
2026/07/30 21:40:23.755, 78, 2580 MHz, 89.34 W, 100 %
2026/07/30 21:40:28.887, 78, 2580 MHz, 87.74 W, 100 %
2026/07/30 21:40:34.015, 78, 2580 MHz, 89.24 W, 100 %
2026/07/30 21:40:39.142, 78, 2580 MHz, 88.75 W, 100 %
2026/07/30 21:40:44.292, 79, 2580 MHz, 88.71 W, 100 %
2026/07/30 21:40:49.427, 83, 2550 MHz, 88.81 W, 100 %
2026/07/30 21:40:54.547, 77, 2580 MHz, 87.94 W, 100 %
2026/07/30 21:40:59.667, 78, 2580 MHz, 88.41 W, 100 %
2026/07/30 21:41:04.805, 78, 2580 MHz, 88.47 W, 100 %
2026/07/30 21:41:09.963, 78, 2580 MHz, 88.54 W, 100 %
2026/07/30 21:41:15.114, 79, 2490 MHz, 88.73 W, 100 %
2026/07/30 21:41:20.260, 79, 2370 MHz, 87.66 W, 100 %
2026/07/30 21:41:25.389, 83, 2580 MHz, 89.98 W, 100 %
2026/07/30 21:41:30.527, 78, 2580 MHz, 89.43 W, 100 %
2026/07/30 21:41:35.669, 78, 2550 MHz, 88.57 W, 100 %
2026/07/30 21:41:40.782, 78, 2550 MHz, 88.05 W, 100 %
